network,station,location,channelcode,component,distance_km,azimuth_deg,fmin_hz,fmax_hz,used,weight,variance_reduction
NZ,MSZ,10,HH,Z,44.978367898572785,25.52991286321848,0.02,0.05,False,1.0,
NZ,MSZ,10,HH,N,44.978367898572785,25.52991286321848,0.02,0.05,False,1.0,
NZ,MSZ,10,HH,E,44.978367898572785,25.52991286321848,0.02,0.05,False,1.0,
NZ,MLZ,10,HH,Z,50.02574070651523,136.87898237000144,0.02,0.05,False,1.0,
NZ,MLZ,10,HH,N,50.02574070651523,136.87898237000144,0.02,0.05,True,1.0,0.8764132811754837
NZ,MLZ,10,HH,E,50.02574070651523,136.87898237000144,0.02,0.05,False,1.0,
NZ,DCZ,10,HH,Z,62.935584903267035,221.0421644790519,0.02,0.05,True,1.0,0.968576125231184
NZ,DCZ,10,HH,N,62.935584903267035,221.0421644790519,0.02,0.05,True,1.0,0.8511762436958923
NZ,DCZ,10,HH,E,62.935584903267035,221.0421644790519,0.02,0.05,True,1.0,0.9488516693404401
NZ,WHZ,10,HH,Z,97.10967629134143,167.76718749319016,0.02,0.05,True,1.0,0.8991262770278381
NZ,WHZ,10,HH,N,97.10967629134143,167.76718749319016,0.02,0.05,True,1.0,0.9513659615793995
NZ,WHZ,10,HH,E,97.10967629134143,167.76718749319016,0.02,0.05,True,1.0,0.8338207298842539
NZ,WKZ,10,HH,Z,108.02702569210705,77.88773976896022,0.02,0.05,True,1.0,0.8982470828258914
NZ,WKZ,10,HH,N,108.02702569210705,77.88773976896022,0.02,0.05,True,1.0,0.85191901949137
NZ,WKZ,10,HH,E,108.02702569210705,77.88773976896022,0.02,0.05,True,1.0,0.940925113250028
NZ,EAZ,10,HH,Z,129.69827190979836,100.0565219423753,0.02,0.05,True,1.0,0.7231939986645289
NZ,EAZ,10,HH,N,129.69827190979836,100.0565219423753,0.02,0.05,True,1.0,0.9363314022852034
NZ,EAZ,10,HH,E,129.69827190979836,100.0565219423753,0.02,0.05,True,1.0,0.5383808919853421
NZ,PYZ,10,HH,Z,147.65683059918726,211.58154538781423,0.02,0.05,True,1.0,0.9445659298226576
NZ,PYZ,10,HH,N,147.65683059918726,211.58154538781423,0.02,0.05,True,1.0,0.8676374072425097
NZ,PYZ,10,HH,E,147.65683059918726,211.58154538781423,0.02,0.05,True,1.0,0.9093261081215771
NZ,TUZ,10,HH,Z,183.17915701112102,124.41906764635996,0.02,0.05,True,1.0,0.5847253030588657
NZ,TUZ,10,HH,N,183.17915701112102,124.41906764635996,0.02,0.05,True,1.0,0.84139233285514
NZ,TUZ,10,HH,E,183.17915701112102,124.41906764635996,0.02,0.05,True,1.0,0.9034228336580885
NZ,APZ,10,HH,Z,200.70638128449764,173.299568521253,0.02,0.05,True,1.0,0.9063490851762604
NZ,APZ,10,HH,N,200.70638128449764,173.299568521253,0.02,0.05,True,1.0,0.5801493655876117
NZ,APZ,10,HH,E,200.70638128449764,173.299568521253,0.02,0.05,True,1.0,0.5490881483044802
NZ,SYZ,10,HH,Z,201.38209916254033,146.28975634801958,0.02,0.05,True,1.0,0.7404431365182674
NZ,SYZ,10,HH,N,201.38209916254033,146.28975634801958,0.02,0.05,True,1.0,0.3303110561676825
NZ,SYZ,10,HH,E,201.38209916254033,146.28975634801958,0.02,0.05,True,1.0,0.7808862238527005
NZ,LBZ,10,HH,Z,211.15779316569996,70.77634026303335,0.02,0.05,True,1.0,0.6950056403704832
NZ,LBZ,10,HH,N,211.15779316569996,70.77634026303335,0.02,0.05,True,1.0,0.47710434434647264
NZ,LBZ,10,HH,E,211.15779316569996,70.77634026303335,0.02,0.05,True,1.0,0.8851655343691907
NZ,ODZ,10,HH,Z,233.41824067796702,91.18916328223563,0.02,0.05,True,1.0,0.15717340433070404
NZ,ODZ,10,HH,N,233.41824067796702,91.18916328223563,0.02,0.05,True,1.0,0.6507887124675437
NZ,ODZ,10,HH,E,233.41824067796702,91.18916328223563,0.02,0.05,True,1.0,0.0688800190230554
NZ,FOZ,11,HH,Z,238.84519485027923,46.233733840099745,0.02,0.05,True,1.0,0.9285941675862662
NZ,FOZ,11,HH,N,238.84519485027923,46.233733840099745,0.02,0.05,True,1.0,0.8577036488731858
NZ,FOZ,11,HH,E,238.84519485027923,46.233733840099745,0.02,0.05,True,1.0,0.8803540786808114
NZ,OPZ,10,HH,Z,246.6348784644762,113.43002151899574,0.02,0.05,True,1.0,0.3257150527260395
NZ,OPZ,10,HH,N,246.6348784644762,113.43002151899574,0.02,0.05,False,1.0,
NZ,OPZ,10,HH,E,246.6348784644762,113.43002151899574,0.02,0.05,True,1.0,0.46291398788495663
NZ,FRNZ,10,HH,Z,261.3740505098857,48.46598021341265,0.02,0.05,True,1.0,0.9111357710836165
NZ,FRNZ,10,HH,N,261.3740505098857,48.46598021341265,0.02,0.05,True,1.0,0.7058911605805538
NZ,FRNZ,10,HH,E,261.3740505098857,48.46598021341265,0.02,0.05,True,1.0,0.8692540359332473
NZ,CVZ,10,HH,Z,273.2846443937982,75.71065633613779,0.02,0.05,True,1.0,0.4393818279828867
NZ,CVZ,10,HH,N,273.2846443937982,75.71065633613779,0.02,0.05,True,1.0,0.6664308799199036
NZ,CVZ,10,HH,E,273.2846443937982,75.71065633613779,0.02,0.05,True,1.0,0.28685234349367184
NZ,WHSZ,10,HH,Z,291.89413248984135,49.242448462176895,0.02,0.05,False,1.0,
NZ,WHSZ,10,HH,N,291.89413248984135,49.242448462176895,0.02,0.05,False,1.0,
NZ,WHSZ,10,HH,E,291.89413248984135,49.242448462176895,0.02,0.05,True,1.0,0.7992273257097003
NZ,WVZ,10,HH,Z,327.9251843163054,49.34635291669437,0.02,0.04544567990446684,False,1.0,
NZ,WVZ,10,HH,N,327.9251843163054,49.34635291669437,0.02,0.04544567990446684,False,1.0,
NZ,WVZ,10,HH,E,327.9251843163054,49.34635291669437,0.02,0.04544567990446684,False,1.0,
NZ,INZ,10,HH,Z,396.83082270643894,50.93569099109362,0.02,0.037631674519965734,False,1.0,
NZ,INZ,10,HH,N,396.83082270643894,50.93569099109362,0.02,0.037631674519965734,True,1.0,0.5858069504645591
NZ,INZ,10,HH,E,396.83082270643894,50.93569099109362,0.02,0.037631674519965734,False,1.0,
NZ,MQZ,13,HH,Z,422.9468873332017,71.25963160383426,0.02,0.035326732495254365,True,1.0,0.8700193149174139
NZ,MQZ,13,HH,N,422.9468873332017,71.25963160383426,0.02,0.035326732495254365,True,1.0,0.723804505894796
NZ,MQZ,13,HH,E,422.9468873332017,71.25963160383426,0.02,0.035326732495254365,True,1.0,0.8739273893977487
NZ,LTZ,10,HH,Z,445.73882958406375,57.37900204345164,0.02,0.03353341931157116,True,1.0,0.8745988077689044
NZ,LTZ,10,HH,N,445.73882958406375,57.37900204345164,0.02,0.03353341931157116,True,1.0,0.3708277662149714
NZ,LTZ,10,HH,E,445.73882958406375,57.37900204345164,0.02,0.03353341931157116,False,1.0,
NZ,GVZ,10,HH,Z,486.96903182619445,63.68189441465006,0.02,0.03071176825026346,False,1.0,
NZ,GVZ,10,HH,N,486.96903182619445,63.68189441465006,0.02,0.03071176825026346,False,1.0,
NZ,GVZ,10,HH,E,486.96903182619445,63.68189441465006,0.02,0.03071176825026346,False,1.0,
NZ,DSZ,10,HH,Z,495.33227694806385,43.82172078057038,0.02,0.030196210435942953,True,1.0,0.0776523220016333
NZ,DSZ,10,HH,N,495.33227694806385,43.82172078057038,0.02,0.030196210435942953,False,1.0,
NZ,DSZ,10,HH,E,495.33227694806385,43.82172078057038,0.02,0.030196210435942953,False,1.0,
NZ,KHZ,10,HH,Z,554.4271541915308,60.354288807061366,0.02,0.026993220226213113,True,1.0,0.8597163711643812
NZ,KHZ,10,HH,N,554.4271541915308,60.354288807061366,0.02,0.026993220226213113,True,1.0,0.5112356583395568
NZ,KHZ,10,HH,E,554.4271541915308,60.354288807061366,0.02,0.026993220226213113,True,1.0,0.800502092393389
NZ,THZ,10,HH,Z,557.9450626639591,51.11528157802707,0.02,0.026823793335174224,True,1.0,0.8899521882837522
NZ,THZ,10,HH,N,557.9450626639591,51.11528157802707,0.02,0.026823793335174224,False,1.0,
NZ,THZ,10,HH,E,557.9450626639591,51.11528157802707,0.02,0.026823793335174224,False,1.0,
